{"cameraMode":{"drawMode":2,"name":"Shaded Wireframe","section":"Shading Mode"},"sceneLighting":true,"audioPlay":false,"sceneViewState":{"showFog":true,"showMaterialUpdate":false,"showSkybox":true,"showFlares":true,"showImageEffects":true,"showParticleSystems":true},"in2DMode":false,"pivot":{"x":0.03888685256242752,"y":-0.8813633918762207,"z":0.332183837890625},"rotation":{"x":-0.32292303442955019,"y":-0.0008460617391392589,"z":0.00031842722091823816,"w":-0.9464452266693115},"size":4.9605889320373539,"orthographic":false}